{
  "best_metric": null,
  "best_model_checkpoint": null,
  "epoch": 8.0,
  "eval_steps": 500,
  "global_step": 250,
  "is_hyper_param_search": false,
  "is_local_process_zero": true,
  "is_world_process_zero": true,
  "log_history": [
    {
      "epoch": 0.32,
      "grad_norm": NaN,
      "learning_rate": 0.0002,
      "loss": 1.3371,
      "step": 10
    },
    {
      "epoch": 0.64,
      "grad_norm": NaN,
      "learning_rate": 0.0002,
      "loss": 1.3682,
      "step": 20
    },
    {
      "epoch": 0.96,
      "grad_norm": 0.0,
      "learning_rate": 0.00019980267284282717,
      "loss": 1.3481,
      "step": 30
    },
    {
      "epoch": 1.28,
      "grad_norm": 0.0,
      "learning_rate": 0.0001982287250728689,
      "loss": 1.3417,
      "step": 40
    },
    {
      "epoch": 1.6,
      "grad_norm": 0.0,
      "learning_rate": 0.00019510565162951537,
      "loss": 1.3508,
      "step": 50
    },
    {
      "epoch": 1.92,
      "grad_norm": 0.0,
      "learning_rate": 0.00019048270524660196,
      "loss": 1.3784,
      "step": 60
    },
    {
      "epoch": 2.24,
      "grad_norm": 0.0,
      "learning_rate": 0.00018443279255020152,
      "loss": 1.3519,
      "step": 70
    },
    {
      "epoch": 2.56,
      "grad_norm": 0.0,
      "learning_rate": 0.00017705132427757895,
      "loss": 1.3758,
      "step": 80
    },
    {
      "epoch": 2.88,
      "grad_norm": 0.0,
      "learning_rate": 0.00016845471059286887,
      "loss": 1.3468,
      "step": 90
    },
    {
      "epoch": 3.2,
      "grad_norm": 0.0,
      "learning_rate": 0.00015877852522924732,
      "loss": 1.3524,
      "step": 100
    },
    {
      "epoch": 3.52,
      "grad_norm": 0.0,
      "learning_rate": 0.00014817536741017152,
      "loss": 1.3449,
      "step": 110
    },
    {
      "epoch": 3.84,
      "grad_norm": 0.0,
      "learning_rate": 0.00013681245526846783,
      "loss": 1.3597,
      "step": 120
    },
    {
      "epoch": 4.16,
      "grad_norm": 0.0,
      "learning_rate": 0.0001248689887164855,
      "loss": 1.3329,
      "step": 130
    },
    {
      "epoch": 4.48,
      "grad_norm": 0.0,
      "learning_rate": 0.00011253332335643043,
      "loss": 1.3592,
      "step": 140
    },
    {
      "epoch": 4.8,
      "grad_norm": 0.0,
      "learning_rate": 0.0001,
      "loss": 1.3731,
      "step": 150
    },
    {
      "epoch": 5.12,
      "grad_norm": 0.0,
      "learning_rate": 8.746667664356956e-05,
      "loss": 1.3546,
      "step": 160
    },
    {
      "epoch": 5.44,
      "grad_norm": 0.0,
      "learning_rate": 7.513101128351454e-05,
      "loss": 1.3619,
      "step": 170
    },
    {
      "epoch": 5.76,
      "grad_norm": 0.0,
      "learning_rate": 6.318754473153221e-05,
      "loss": 1.3477,
      "step": 180
    },
    {
      "epoch": 6.08,
      "grad_norm": 0.0,
      "learning_rate": 5.182463258982846e-05,
      "loss": 1.3703,
      "step": 190
    },
    {
      "epoch": 6.4,
      "grad_norm": 0.0,
      "learning_rate": 4.12214747707527e-05,
      "loss": 1.3356,
      "step": 200
    },
    {
      "epoch": 6.72,
      "grad_norm": 0.0,
      "learning_rate": 3.154528940713113e-05,
      "loss": 1.3647,
      "step": 210
    },
    {
      "epoch": 7.04,
      "grad_norm": 0.0,
      "learning_rate": 2.2948675722421086e-05,
      "loss": 1.3608,
      "step": 220
    },
    {
      "epoch": 7.36,
      "grad_norm": 0.0,
      "learning_rate": 1.5567207449798515e-05,
      "loss": 1.3591,
      "step": 230
    },
    {
      "epoch": 7.68,
      "grad_norm": 0.0,
      "learning_rate": 9.517294753398064e-06,
      "loss": 1.3294,
      "step": 240
    },
    {
      "epoch": 8.0,
      "grad_norm": 0.0,
      "learning_rate": 4.8943483704846475e-06,
      "loss": 1.3757,
      "step": 250
    }
  ],
  "logging_steps": 10,
  "max_steps": 250,
  "num_input_tokens_seen": 0,
  "num_train_epochs": 9,
  "save_steps": 500,
  "stateful_callbacks": {
    "TrainerControl": {
      "args": {
        "should_epoch_stop": false,
        "should_evaluate": false,
        "should_log": false,
        "should_save": true,
        "should_training_stop": true
      },
      "attributes": {}
    }
  },
  "total_flos": 9.816650188775424e+16,
  "train_batch_size": 4,
  "trial_name": null,
  "trial_params": null
}
