{
  "best_metric": null,
  "best_model_checkpoint": null,
  "epoch": 12.064,
  "eval_steps": 500,
  "global_step": 750,
  "is_hyper_param_search": false,
  "is_local_process_zero": true,
  "is_world_process_zero": true,
  "log_history": [
    {
      "epoch": 0.32,
      "grad_norm": NaN,
      "learning_rate": 0.0002,
      "loss": 1.3371,
      "step": 10
    },
    {
      "epoch": 0.64,
      "grad_norm": NaN,
      "learning_rate": 0.0002,
      "loss": 1.3682,
      "step": 20
    },
    {
      "epoch": 0.96,
      "grad_norm": 0.0,
      "learning_rate": 0.00019980267284282717,
      "loss": 1.3481,
      "step": 30
    },
    {
      "epoch": 1.28,
      "grad_norm": 0.0,
      "learning_rate": 0.0001982287250728689,
      "loss": 1.3417,
      "step": 40
    },
    {
      "epoch": 1.6,
      "grad_norm": 0.0,
      "learning_rate": 0.00019510565162951537,
      "loss": 1.3508,
      "step": 50
    },
    {
      "epoch": 1.92,
      "grad_norm": 0.0,
      "learning_rate": 0.00019048270524660196,
      "loss": 1.3784,
      "step": 60
    },
    {
      "epoch": 2.24,
      "grad_norm": 0.0,
      "learning_rate": 0.00018443279255020152,
      "loss": 1.3519,
      "step": 70
    },
    {
      "epoch": 2.56,
      "grad_norm": 0.0,
      "learning_rate": 0.00017705132427757895,
      "loss": 1.3758,
      "step": 80
    },
    {
      "epoch": 2.88,
      "grad_norm": 0.0,
      "learning_rate": 0.00016845471059286887,
      "loss": 1.3468,
      "step": 90
    },
    {
      "epoch": 3.2,
      "grad_norm": 0.0,
      "learning_rate": 0.00015877852522924732,
      "loss": 1.3524,
      "step": 100
    },
    {
      "epoch": 3.52,
      "grad_norm": 0.0,
      "learning_rate": 0.00014817536741017152,
      "loss": 1.3449,
      "step": 110
    },
    {
      "epoch": 3.84,
      "grad_norm": 0.0,
      "learning_rate": 0.00013681245526846783,
      "loss": 1.3597,
      "step": 120
    },
    {
      "epoch": 4.16,
      "grad_norm": 0.0,
      "learning_rate": 0.0001248689887164855,
      "loss": 1.3329,
      "step": 130
    },
    {
      "epoch": 4.48,
      "grad_norm": 0.0,
      "learning_rate": 0.00011253332335643043,
      "loss": 1.3592,
      "step": 140
    },
    {
      "epoch": 4.8,
      "grad_norm": 0.0,
      "learning_rate": 0.0001,
      "loss": 1.3731,
      "step": 150
    },
    {
      "epoch": 5.12,
      "grad_norm": 0.0,
      "learning_rate": 8.746667664356956e-05,
      "loss": 1.3546,
      "step": 160
    },
    {
      "epoch": 5.44,
      "grad_norm": 0.0,
      "learning_rate": 7.513101128351454e-05,
      "loss": 1.3619,
      "step": 170
    },
    {
      "epoch": 5.76,
      "grad_norm": 0.0,
      "learning_rate": 6.318754473153221e-05,
      "loss": 1.3477,
      "step": 180
    },
    {
      "epoch": 6.08,
      "grad_norm": 0.0,
      "learning_rate": 5.182463258982846e-05,
      "loss": 1.3703,
      "step": 190
    },
    {
      "epoch": 6.4,
      "grad_norm": 0.0,
      "learning_rate": 4.12214747707527e-05,
      "loss": 1.3356,
      "step": 200
    },
    {
      "epoch": 6.72,
      "grad_norm": 0.0,
      "learning_rate": 3.154528940713113e-05,
      "loss": 1.3647,
      "step": 210
    },
    {
      "epoch": 7.04,
      "grad_norm": 0.0,
      "learning_rate": 2.2948675722421086e-05,
      "loss": 1.3608,
      "step": 220
    },
    {
      "epoch": 7.36,
      "grad_norm": 0.0,
      "learning_rate": 1.5567207449798515e-05,
      "loss": 1.3591,
      "step": 230
    },
    {
      "epoch": 7.68,
      "grad_norm": 0.0,
      "learning_rate": 9.517294753398064e-06,
      "loss": 1.3294,
      "step": 240
    },
    {
      "epoch": 8.0,
      "grad_norm": 0.0,
      "learning_rate": 4.8943483704846475e-06,
      "loss": 1.3757,
      "step": 250
    },
    {
      "epoch": 6.336,
      "grad_norm": NaN,
      "learning_rate": 4.8943483704846475e-06,
      "loss": 1.3808,
      "step": 260
    },
    {
      "epoch": 6.576,
      "grad_norm": NaN,
      "learning_rate": 4.8943483704846475e-06,
      "loss": 1.3691,
      "step": 270
    },
    {
      "epoch": 6.816,
      "grad_norm": 4.31583721365314e-05,
      "learning_rate": 0.00011253332335643043,
      "loss": 1.3474,
      "step": 280
    },
    {
      "epoch": 7.056,
      "grad_norm": 9.650505671743304e-05,
      "learning_rate": 0.00010627905195293135,
      "loss": 1.3615,
      "step": 290
    },
    {
      "epoch": 7.296,
      "grad_norm": 0.0,
      "learning_rate": 0.00010062831439655591,
      "loss": 1.3881,
      "step": 300
    },
    {
      "epoch": 7.536,
      "grad_norm": 0.0,
      "learning_rate": 9.434814655179755e-05,
      "loss": 1.3619,
      "step": 310
    },
    {
      "epoch": 7.776,
      "grad_norm": 0.0,
      "learning_rate": 8.809028399051302e-05,
      "loss": 1.3587,
      "step": 320
    },
    {
      "epoch": 8.016,
      "grad_norm": 0.0,
      "learning_rate": 8.187942363728625e-05,
      "loss": 1.3804,
      "step": 330
    },
    {
      "epoch": 8.256,
      "grad_norm": 0.0,
      "learning_rate": 7.574007692045928e-05,
      "loss": 1.3516,
      "step": 340
    },
    {
      "epoch": 8.496,
      "grad_norm": 0.0,
      "learning_rate": 6.969647303672262e-05,
      "loss": 1.353,
      "step": 350
    },
    {
      "epoch": 8.736,
      "grad_norm": 0.0,
      "learning_rate": 6.377246332954544e-05,
      "loss": 1.3836,
      "step": 360
    },
    {
      "epoch": 8.975999999999999,
      "grad_norm": 0.0,
      "learning_rate": 5.799142715881938e-05,
      "loss": 1.3527,
      "step": 370
    },
    {
      "epoch": 9.216,
      "grad_norm": 0.0,
      "learning_rate": 5.237617963320608e-05,
      "loss": 1.3674,
      "step": 380
    },
    {
      "epoch": 9.456,
      "grad_norm": 0.0,
      "learning_rate": 4.694888156932658e-05,
      "loss": 1.3612,
      "step": 390
    },
    {
      "epoch": 9.696,
      "grad_norm": 0.0,
      "learning_rate": 4.173095203314241e-05,
      "loss": 1.3641,
      "step": 400
    },
    {
      "epoch": 9.936,
      "grad_norm": 0.0,
      "learning_rate": 3.674298380868756e-05,
      "loss": 1.379,
      "step": 410
    },
    {
      "epoch": 10.176,
      "grad_norm": 0.0,
      "learning_rate": 3.200466212775808e-05,
      "loss": 1.3772,
      "step": 420
    },
    {
      "epoch": 10.416,
      "grad_norm": 0.0,
      "learning_rate": 2.753468698129533e-05,
      "loss": 1.3623,
      "step": 430
    },
    {
      "epoch": 10.656,
      "grad_norm": 0.0,
      "learning_rate": 2.3350699319065026e-05,
      "loss": 1.3651,
      "step": 440
    },
    {
      "epoch": 10.896,
      "grad_norm": 0.0,
      "learning_rate": 1.946921142888781e-05,
      "loss": 1.3665,
      "step": 450
    },
    {
      "epoch": 11.136,
      "grad_norm": 0.0,
      "learning_rate": 1.5905541770183096e-05,
      "loss": 1.3508,
      "step": 460
    },
    {
      "epoch": 11.376,
      "grad_norm": 0.0,
      "learning_rate": 1.2673754519008008e-05,
      "loss": 1.375,
      "step": 470
    },
    {
      "epoch": 11.616,
      "grad_norm": 0.0,
      "learning_rate": 9.786604063179728e-06,
      "loss": 1.3768,
      "step": 480
    },
    {
      "epoch": 11.856,
      "grad_norm": 0.0,
      "learning_rate": 7.255484666533874e-06,
      "loss": 1.3593,
      "step": 490
    },
    {
      "epoch": 12.096,
      "grad_norm": 0.0,
      "learning_rate": 5.0903855009705514e-06,
      "loss": 1.3686,
      "step": 500
    },
    {
      "epoch": 8.224,
      "grad_norm": NaN,
      "learning_rate": 5.0903855009705514e-06,
      "loss": 1.3389,
      "step": 510
    },
    {
      "epoch": 8.384,
      "grad_norm": NaN,
      "learning_rate": 5.0903855009705514e-06,
      "loss": 1.3863,
      "step": 520
    },
    {
      "epoch": 8.544,
      "grad_norm": 0.00024979712907224894,
      "learning_rate": 6.750920213195238e-05,
      "loss": 1.3441,
      "step": 530
    },
    {
      "epoch": 8.704,
      "grad_norm": 0.0,
      "learning_rate": 6.396775515998055e-05,
      "loss": 1.3829,
      "step": 540
    },
    {
      "epoch": 8.864,
      "grad_norm": 0.0,
      "learning_rate": 6.009308410197047e-05,
      "loss": 1.3527,
      "step": 550
    },
    {
      "epoch": 9.024,
      "grad_norm": 0.0,
      "learning_rate": 5.6288423334906735e-05,
      "loss": 1.3556,
      "step": 560
    },
    {
      "epoch": 9.184,
      "grad_norm": 0.0,
      "learning_rate": 5.256044752660709e-05,
      "loss": 1.3388,
      "step": 570
    },
    {
      "epoch": 9.344,
      "grad_norm": 0.0,
      "learning_rate": 4.8915696813414026e-05,
      "loss": 1.3409,
      "step": 580
    },
    {
      "epoch": 9.504,
      "grad_norm": 0.0,
      "learning_rate": 4.5360565326573104e-05,
      "loss": 1.3839,
      "step": 590
    },
    {
      "epoch": 9.664,
      "grad_norm": 0.0,
      "learning_rate": 4.190128997475402e-05,
      "loss": 1.3682,
      "step": 600
    },
    {
      "epoch": 9.824,
      "grad_norm": 0.0,
      "learning_rate": 3.854393950239355e-05,
      "loss": 1.3776,
      "step": 610
    },
    {
      "epoch": 9.984,
      "grad_norm": 0.0,
      "learning_rate": 3.52944038430556e-05,
      "loss": 1.389,
      "step": 620
    },
    {
      "epoch": 10.144,
      "grad_norm": 0.0,
      "learning_rate": 3.21583837864862e-05,
      "loss": 1.3592,
      "step": 630
    },
    {
      "epoch": 10.304,
      "grad_norm": 0.0,
      "learning_rate": 2.9141380977491373e-05,
      "loss": 1.364,
      "step": 640
    },
    {
      "epoch": 10.464,
      "grad_norm": 0.0,
      "learning_rate": 2.624868826418262e-05,
      "loss": 1.3613,
      "step": 650
    },
    {
      "epoch": 10.624,
      "grad_norm": 0.0,
      "learning_rate": 2.3485380412522585e-05,
      "loss": 1.3573,
      "step": 660
    },
    {
      "epoch": 10.784,
      "grad_norm": 0.0,
      "learning_rate": 2.0856305203461436e-05,
      "loss": 1.3728,
      "step": 670
    },
    {
      "epoch": 10.943999999999999,
      "grad_norm": 0.0,
      "learning_rate": 1.8366074928281607e-05,
      "loss": 1.3616,
      "step": 680
    },
    {
      "epoch": 11.104,
      "grad_norm": 0.0,
      "learning_rate": 1.601905829707171e-05,
      "loss": 1.3576,
      "step": 690
    },
    {
      "epoch": 11.264,
      "grad_norm": 0.0,
      "learning_rate": 1.3819372774524508e-05,
      "loss": 1.3776,
      "step": 700
    },
    {
      "epoch": 11.424,
      "grad_norm": 0.0,
      "learning_rate": 1.1770877356504683e-05,
      "loss": 1.3883,
      "step": 710
    },
    {
      "epoch": 11.584,
      "grad_norm": 0.0,
      "learning_rate": 9.877165800058874e-06,
      "loss": 1.3539,
      "step": 720
    },
    {
      "epoch": 11.744,
      "grad_norm": 0.0006283954135142267,
      "learning_rate": 8.1415603187446e-06,
      "loss": 1.3615,
      "step": 730
    },
    {
      "epoch": 11.904,
      "grad_norm": 0.0,
      "learning_rate": 6.5671057543387985e-06,
      "loss": 1.343,
      "step": 740
    },
    {
      "epoch": 12.064,
      "grad_norm": 0.0,
      "learning_rate": 5.1565642351506845e-06,
      "loss": 1.4077,
      "step": 750
    }
  ],
  "logging_steps": 10,
  "max_steps": 750,
  "num_input_tokens_seen": 0,
  "num_train_epochs": 13,
  "save_steps": 500,
  "stateful_callbacks": {
    "TrainerControl": {
      "args": {
        "should_epoch_stop": false,
        "should_evaluate": false,
        "should_log": false,
        "should_save": true,
        "should_training_stop": true
      },
      "attributes": {}
    }
  },
  "total_flos": 2.20568094666326e+17,
  "train_batch_size": 4,
  "trial_name": null,
  "trial_params": null
}
